url_path,views_total,views_unique
/mhucka/OpenFermion,17,2
/mhucka/OpenFermion/actions,12,1
/mhucka/OpenFermion/actions/workflows/ci.yml,11,1
/mhucka/OpenFermion/actions/runs/13319274521,4,1
/mhucka/OpenFermion/tree/master,4,1
/mhucka/OpenFermion/tree/master/.github/workflows,4,1
/mhucka/OpenFermion/actions/runs/13297512603,3,1
/mhucka/OpenFermion/actions/runs/13319274521/job/37200514347,3,1
/mhucka/OpenFermion/actions/runs/13348652425,3,1
/mhucka/OpenFermion/actions/workflows/save-repo-stats.yaml,3,1
